<?xml version="1.0" encoding="UTF-8"?>
<metadata xml:lang="zh"><Esri><CreaDate>20201118</CreaDate><CreaTime>08121700</CreaTime><ArcGISFormat>1.0</ArcGISFormat><SyncOnce>TRUE</SyncOnce><DataProperties><itemProps><itemLocation><linkage Sync="TRUE">file://\\SHEN\C$\Users\yushen\Desktop\bike_share_data\sg_grid_300_Select</linkage><protocol Sync="TRUE">Local Area Network</protocol></itemLocation></itemProps><copyHistory><copy source="C:\Users\yushen\Documents\ArcGIS\oBike\sg_grid_300_Select" dest="\\SHEN\C$\Users\yushen\Desktop\bike_share_data\sg_grid_300_Select" date="20191029" time="08173600"></copy></copyHistory></DataProperties></Esri></metadata>
